<?xml version="1.0"?>
<!--<!DOCTYPE metadata SYSTEM "http://www.esri.com/metadata/esriprof80.dtd">-->
<metadata xml:lang="de"><Esri><CreaDate>20150109</CreaDate><CreaTime>13280100</CreaTime><SyncOnce>TRUE</SyncOnce><DataProperties><lineage><Process Name="Project_1" ToolSource="D:\Programme\ArcGIS\ArcToolbox\Toolboxes\Data Management Tools.tbx\Project" Date="20071108" Time="114333">Project merge8 E:\result_whymap\correct\GRDC_687_rivers.shp GEOGCS['GCS_WGS_1984',DATUM['D_WGS_1984',SPHEROID['WGS_1984',6378137.0,298.257223563]],PRIMEM['Greenwich',0.0],UNIT['Degree',0.0174532925199433]] #</Process></lineage><itemProps><itemLocation><linkage Sync="TRUE">file://\\vboxsrv\database\workspace\Foresight\ShapeFiles_Visualization\NRB_RiverNetwork_GRDC</linkage><protocol Sync="TRUE">Local Area Network</protocol></itemLocation></itemProps><copyHistory><copy source="F:\workspace\Foresight\GRDC_GIS_layers\NRB_RiverNetwork_GRDC" dest="\\vboxsrv\database\workspace\Foresight\ShapeFiles_Visualization\NRB_RiverNetwork_GRDC" date="20150109" time="13280100"></copy></copyHistory></DataProperties><ArcGISFormat>1.0</ArcGISFormat></Esri></metadata>
