<?xml version="1.0" encoding="UTF-8"?>
<metadata xml:lang="en"><Esri><CreaDate>20150109</CreaDate><CreaTime>13271400</CreaTime><ArcGISFormat>1.0</ArcGISFormat><SyncOnce>TRUE</SyncOnce><DataProperties><itemProps><itemLocation><linkage Sync="TRUE">file://\\vboxsrv\database\workspace\Foresight\ArcHydro_HydroSheds_Test2\GRDC_NR_StreamGages</linkage><protocol Sync="TRUE">Local Area Network</protocol></itemLocation></itemProps><copyHistory><copy source="F:\workspace\Foresight\ArcHydro_HydroSHEDS\GRDC_NR_StreamGages" dest="\\vboxsrv\database\workspace\Foresight\ArcHydro_HydroSheds_Test2\GRDC_NR_StreamGages" date="20141029" time="15174300"></copy></copyHistory><lineage><Process ToolSource="c:\program files (x86)\arcgis\desktop10.1\ArcToolbox\Toolboxes\Data Management Tools.tbx\CalculateField" Date="20141030" Time="165644">CalculateField GRDC_NR_StreamGages BatchDone 0 VB #</Process><Process ToolSource="c:\program files (x86)\arcgis\desktop10.1\ArcToolbox\Toolboxes\Data Management Tools.tbx\CalculateField" Date="20141104" Time="173544">CalculateField "GRDC_NR_StreamGages selection" BatchDone 0 VB #</Process><Process ToolSource="c:\program files (x86)\arcgis\desktop10.1\ArcToolbox\Toolboxes\Data Management Tools.tbx\CalculateField" Date="20141104" Time="174603">CalculateField "GRDC_NR_StreamGages selection" BatchDone 0 VB #</Process><Process ToolSource="c:\program files (x86)\arcgis\desktop10.1\ArcToolbox\Toolboxes\Data Management Tools.tbx\CalculateField" Date="20141106" Time="125613">CalculateField GRDC_NR_StreamGages_Selected BatchDone 0 VB #</Process><Process ToolSource="c:\program files (x86)\arcgis\desktop10.1\ArcToolbox\Toolboxes\Data Management Tools.tbx\CalculateField" Date="20141106" Time="152137">CalculateField GRDC_NR_StreamGages_Selected BatchDone 0 VB #</Process><Process ToolSource="c:\program files (x86)\arcgis\desktop10.1\ArcToolbox\Toolboxes\Data Management Tools.tbx\CalculateField" Date="20141107" Time="124610">CalculateField GRDC_NR_StreamGages_Selected FlagHydroR 2 VB #</Process></lineage></DataProperties></Esri></metadata>
