<?xml version="1.0" encoding="UTF-8"?>
<metadata xml:lang="en"><Esri><CreaDate>20150109</CreaDate><CreaTime>13280000</CreaTime><ArcGISFormat>1.0</ArcGISFormat><SyncOnce>TRUE</SyncOnce><DataProperties><itemProps><itemLocation><linkage Sync="TRUE">file://\\vboxsrv\database\workspace\Foresight\ShapeFiles_Visualization\NRB_Boundaries_GRDC</linkage><protocol Sync="TRUE">Local Area Network</protocol></itemLocation></itemProps><copyHistory><copy source="F:\workspace\Foresight\GRDC_GIS_layers\NRB_Boundaries_GRDC" dest="\\vboxsrv\database\workspace\Foresight\ShapeFiles_Visualization\NRB_Boundaries_GRDC" date="20150109" time="13280000"></copy></copyHistory></DataProperties></Esri></metadata>
