<?xml version="1.0" encoding="UTF-8"?>
<metadata xml:lang="en"><Esri><CreaDate>20150501</CreaDate><CreaTime>12163200</CreaTime><ArcGISFormat>1.0</ArcGISFormat><SyncOnce>TRUE</SyncOnce><DataProperties><itemProps><itemLocation><linkage Sync="TRUE">file://\\vboxsrv\database\workspace\Foresight\Papers_Auditing_CMs\ForSusanna\NRB_Subbasins</linkage><protocol Sync="TRUE">Local Area Network</protocol></itemLocation></itemProps><copyHistory><copy source="F:\workspace\Foresight\Papers_Auditing_CMs\NRB_Subbasins" dest="\\vboxsrv\database\workspace\Foresight\Papers_Auditing_CMs\ForSusanna\NRB_Subbasins" date="20150501" time="12163200"></copy></copyHistory></DataProperties></Esri></metadata>
